"1","1","数码相机","499","68","10","5","1","1","1","10"
"2","1","单反","1400","103","50","10","1","1","1","5"
"3","1","显示器","999","89","30","10","20","1","1","50"
"4","1","耳机耳麦","2999","300","200","89","5","1","1","99"
"5","1","智能手表","499","500","200","61","0","1","1","99"
"6","1","幽香洗面奶","49","999","500","555","6","1","4","600"
"7","1","化妆工具","200","1000","800","500","10","1","4","600"
"8","1","粉底","200","1000","800","500","10","1","4","600"
"9","1","ysl口红","200","1000","800","500","10","1","4","600"
"10","1","面膜","200","1000","800","500","10","1","4","600"
"11","1","面膜","200","1000","800","500","10","1","4","600"
"12","1","面膜","200","1000","800","500","10","1","4","600"
"13","1","路由器","199","150","60","70","2","1","2","88"
"14","1","小米路由器","199","150","60","80","0","1","2","200"
"15","1","海尔冰箱","3000","73","20","10","0","1","2","10"
"16","1","格力空调","4500","200","20","19","2","1","2","30"
"17","1","男士羽绒服","198","260","20","19","2","1","3","30"
"18","1","男士T恤","30","500","600","260","33","1","3","300"
"19","1","连衣裙","1499","500","600","40","2","1","5","55"
"20","1","戒指","599","500","600","40","2","1","6","55"
"21","1","薰衣草洗衣液","99","500","600","30","2","1","7","200"
"22","1","良品铺子大礼包","199","604","300","51","4","1","8","60"
"23","1","某米手机","1999","600","300","50","4","1","9","60"
"24","1","羽毛拍","299","302","200","50","4","1","10","30"
"25","1","双肩包","68","304","200","50","4","2","11","30"
"26","1","橙光水笔","10","303","200","51","4","1","12","300"
"27","1","《大鱼海棠》","30","70","200","51","4","2","13","300"
"28","1","水杯","30","67","200","50","4","1","14","300"
"29","1","王者","500","44","0","0","0","0","14","0"
"30","1","软件","10","0","0","0","0","-1","14","0"
"31","1","纤毛","1","0","0","0","0","0","1","0"
"32","0","i7i9级十核/GTX1060独显LOL吃鸡游戏台式电脑主机i5组装机LOL全套","938","7327","2586","3429","919","1","1","5025"
"33","0","酷睿i7台式电脑主机全套GTX1060高配水冷电竞游戏吃鸡DIY组装整机","2399","5544","1790","2250","1224","1","1","3001"
"34","0","i5i7四八核高端家用游戏型吃鸡DIY组装电脑主机台式全套高配整机","668","2751","619","1067","261","1","1","1991"
"35","0","华为/HUAWEI MateBook D 14 2021款 11代酷睿i5+8GB/16GB+512GB SSD 笔记本电脑轻","4999","622","283","316","222","1","1","483"
"36","0","华为/HUAWEI MateBook 13 2021款 11代酷睿i5+8GB/16GB+512GB锐炬显卡笔记本电脑2K触控","5699","112","33","61","7","1","1","71"
"37","0","【薇娅推荐 24期免息】ALIENWARE外星人x17 R1笔记本电脑RTX3060四风扇散热游戏本11代英特尔酷睿i7官方旗","18969","183","52","87","7","1","1","146"
"38","0","【2021新品】ROG幻14AMD锐龙R9/RTX3060显卡轻薄便携2.5K屏设计师办公本学生游戏笔记本电脑玩家国度旗舰店","9499","615","123","240","65","1","1","406"
"39","0","【游戏本爆款】联想拯救者Y7000 英特尔酷睿i5/i7 RTX3050 4G独显电竞游戏本15.6英寸笔记本电脑官方旗舰店","6999","258","68","109","32","1","1","185"
"40","0","【24期免息送包鼠】Dell/戴尔成就7000标压11代酷睿i7电竞级RTX30系列光追显卡游戏设计制图旗舰级笔记本电脑","7999","104","32","51","16","1","1","103"
"41","0","【12期免息】惠普HP 小欧系列酷睿i3/i5/i7 2G独显办公家用商用mini台式机电脑 迷你型游戏小主机官方旗舰店","3599","432","131","171","49","1","1","222"
"42","0","联想ThinkPad E15/E14  11代英特尔i5/i7 15.6英寸/14英寸轻薄便携商务办公笔记本 可升级为Wind","6199","1065","208","254","31","1","1","547"
"43","0","联想ThinkBook 14/15/13S轻薄笔记本电脑大学生办公专用商务10/11代酷睿i3/i5/i7联想扬天V14/S1","3299","521","181","342","169","0","1","394"
"44","0","【稀缺货源】asus华硕飞行堡垒9游戏本全新11代英特尔酷睿i7/i5 RTX3060笔记本电脑学生办公电竞本15.6英寸","6699","1859","456","586","158","1","1","1011"
"45","0","攀升台式电脑主机十代酷睿i5 10400/11400办公电脑家用游戏主机企业采购设计师电脑台式组装机全套DIY整机","2599","100","17","40","18","1","1","54"
"46","0","Lenovo/联想小新Air15 2021 英特尔酷睿i5 15.6英寸全面屏轻薄独显本笔记本电脑办公设计学习女生网课电脑","5398","574","82","138","140","1","1","314"
"47","0","【特价专区】5元口才书5册说话心理学所谓情商高就是会说话回话的技术跟谁都聊得来沟通的艺术提高情商的励志书籍情商高就是会说话","9","9","0","2","0","1","13","3"
"48","0","正版趣读三十六计漫画版全3册精装硬壳小学生国学经典书送给孩子未来脑计划故事幽默搞笑卡通漫画书一二三年级小学生课外读物趣解","8","12","0","0","0","1","13","1"
"49","0","新教材2022版王后雄教材完全解读高一语文英语数学物理化学生物历史地理1必修第一册人教版高中学案同步教辅初升高衔接资料辅导书","17","7349","2866","5739","2838","1","13","6981"
"50","0","注音版米小圈上学记一年级全套米小圈一年级阅读课外书非必读米小圈官方旗舰店新华书店儿童漫画书小学生一年级带拼音读物儿童书籍","38","3201","740","1226","166","1","13","3037"
"51","0","现货「买一赠六」如果历史是一群喵全套8册 肥志著1-8册魏晋南北朝假如历史是一群喵古代萌猫儿童小学生中国历史漫画书籍正版","294","17387","5384","8039","3657","1","13","9040"
"52","0","当当网正版童书 孩子读得懂的山海经全套3册原著儿童版中国民间神话故事书籍青少年小学生课外书国学经典神话+神兽+异人国","233","3181","1015","2170","971","1","13","2961"
"53","0","当当网正版童书 写给儿童的中国历史陈卫平全套14册四年级课外书6-9-12岁小学生课外阅读书五六年级","177","1769","543","751","113","1","13","951"
"54","0","如果历史是一群喵全套8册 肥志著小学生中国历史漫画书籍正版","299","3791","1394","2204","1246","1","13","2991"
"55","0","听什么声音全6册 宝宝点读认知原声触摸发声书绘本 0-3岁儿童启蒙","165","4474","1601","2417","932","1","13","3008"
"56","0","现货【金句印签x3+文轩磁扣彩绘礼盒+护封x3】全球高考小说正版原著全套3册实体书木苏里某某一级律师123青春言情小说畅销书无","135","8462","4133","6587","2247","1","13","8023"
"57","0","正版四大名著小学生版注音版全套4册 西游记三国演义水浒传红楼梦原著一二三年级课外书必读儿童版带拼音青少年小学生少儿阅读书籍","36","10504","2353","4033","1339","1","13","5961"
"58","0","小熊很忙绘本第1辑4册宝宝机关书0-3岁早教翻翻书第一辑新华书店","90","7311","2306","3048","3058","1","13","6967"
"59","0","【老师推荐】爱的教育小英雄雨来童年书全套3册 六年级必读课外书完整版原著正版上册上 高尔基6小学教师快乐读书吧课外阅读书籍","29","5129","1580","2317","497","1","13","2968"
"60","0","全套7册作文大全小学生3-6年级辅导教材三年级作文书2021同步写人写景叙事优秀分类起步45四五六课外书必读通用写作技巧书籍非","79","598","116","273","63","1","13","508"
"61","0","科沃斯X1全能扫地机器人扫地拖地吸尘三合一智能家用吸扫拖一体机","6499","3223","707","1346","549","1","2","1993"
"62","0","【新品】云鲸J2小白鲸扫拖机器人自己洗拖布自动上下水智能扫地机","9999999","9664","2161","2487","699","1","2","5984"
"63","0","美的60l升电热水器TK1家用速热储水式卫生间智能家电小型50l/80L","1349","826","275","444","118","1","2","636"
"64","0","米家电动冲牙器家用便携式牙缝水牙线口腔牙齿清洁喷牙洁牙洗牙器","199","13275","3486","6950","802","1","2","8022"
"65","0","飞利浦剃须刀电动男士充电式刮胡刀官方旗舰店正品原装须刨胡须刀","89","5219","1285","2061","547","1","2","3015"
"66","0","飞利浦电动剃须刀男士三刀头刮胡刀李现同款黑蜂巢礼盒送礼S5531","999","1636","394","450","97","1","2","964"
"67","0","老板CQ976X蒸烤炸一体机嵌入式电厨房家用官方旗舰店","7499","5719","1674","2027","1801","1","2","4998"
"68","0","康夫电吹风机家用大功率理发店专用大风力负离子护发速干吹风筒14","53","1437","599","667","24","1","2","959"
"69","0","海尔电热水器电家用卫生间洗澡美肤洗智能净水8060L3D速热节能MV5","4098","656","138","246","165","1","2","496"
"70","0","海尔零冷水燃气热水器电家用天然气强排式16L/18升智能恒温MR3","2899","1629","464","606","398","1","2","1009"
"71","0","美的电饭煲正品电饭锅家用4L大容量智能IH多功能3-5全自动柴火饭","699","488","97","189","36","1","2","259"
"72","0","【直营】飞利浦电动剃须刀充电式礼物男朋友刮胡刀旗舰店s2303","289","364","155","176","38","1","2","283"
"73","0","飞利浦剃须刀官方旗舰店正品电动男士送男友刮胡刀菲利普斯s1103","189","1213","280","522","195","1","2","642"
"74","0","Panasonic/松下家用护发恒温负离子大功率速干电吹风机WNE5H","219","1304","328","404","280","1","2","672"
"75","0","高档大牌秋季款上衣男士立领夹克休闲宽松大码茄克衫男装加厚外套","388","772","209","272","164","1","3","449"
"76","0","冬季新款羊毛混纺竖条纹毛呢外套男短款宽松休闲男士秋冬呢子夹克","469","12","2","3","0","1","3","4"
"77","0","adidas阿迪达斯官网男装冬季户外运动棉服GV5330 GV5329","739","5573","1171","1672","1316","1","3","3019"
"78","0","优衣库 【设合作款UNIQLO U】男装/女装 圆领T恤(长袖) 440521","149","3096","1266","2107","1098","1","3","2976"
"79","0","男装 修身无褶长裤(优衣库“男神”裤) 439186 UNIQLO","249","2976","631","1085","99","1","3","2021"
"80","0","加绒男士夹克2021冬季新款休闲百搭上衣男装秋冬连帽外套秋装衣服","228","4748","1553","2544","1778","1","3","4042"
"81","0","鸭鸭2021冬季新款男装羽绒服连帽休闲时尚鸭绒保暖短款外套F","559","2439","888","1013","984","1","3","1995"
"82","0","李宁羽绒服男冬季2021新款男装连帽加厚外套中长款鸭绒保暖运动服","598","661","149","363","26","1","3","415"
"83","0","波司登极寒鹅绒2021男装时尚连帽加厚保暖冬装羽绒服外套","2399","2703","538","873","72","1","3","2024"
"84","0","迪卡侬官方外套男士秋冬装新款可拆卸羽绒服三合一冲锋衣夹克ODT2","799","1302","401","647","225","1","3","749"
"85","0","adidas阿迪达斯官网男装冬季户外运动连帽保暖鸭绒羽绒服GK0667","1359","5517","1234","1913","176","1","3","2969"
"86","0","森马棉服男工装外套冬季2021潮流户外防风连帽厚冬装男士宽松","299","1398","650","858","93","1","3","978"
"87","0","与狼共舞男装羽绒服男士短款2021冬季新款棒球服鸭绒保暖厚外套男","639","1383","461","678","391","1","3","968"
"88","0","[易打理]九牧王男裤垂感正装西裤秋冬青年休闲商务男士西装裤男","399","470","113","231","85","1","3","277"
"89","0","YIMU粉色西装外套女2021春秋毛呢双排扣高级感羊毛垫肩修身上衣红","538","12006","2889","5039","2219","1","4","8965"
"90","0","美式棒球服女2021秋冬新款pu皮衣夹克情侣装潮牌宽松休闲外套ins","89","8284","3429","6350","909","1","4","8008"
"91","0","女装花式衬衫长袖通勤职业“优衣库云朵衫”433604/439730","199","1140","319","633","339","1","4","713"
"92","0","优衣库 女装 高弹力高腰紧身长裤(高腰神裤 显瘦显高百搭) 439241","129","6788","2527","2999","1166","1","4","6024"
"93","0","COS女装 宽松版型羊毛混纺围裹大衣米色2021秋冬新品0996812002","2250","4301","981","1852","212","1","4","2950"
"94","0","Gap男女装LOGO情侣碳素软磨抓绒运动卫衣624763秋冬新款连帽上衣","239","841","303","527","236","1","4","692"
"95","0","雪中飞2021秋冬新品潮流女装可脱卸帽长款加大廓形保暖防寒羽绒服","829","6987","1415","2699","1539","1","4","4008"
"96","0","鸭鸭2021秋冬新款羽绒服女中长款时尚貉子毛领情侣款加厚工装外套","799","111","15","37","25","1","4","64"
"97","0","李宁卫衣男士秋冬2021新款情侣秋装宽松长袖男生套头衫运动上衣女","158","5077","744","1411","130","1","4","3021"
"98","0","李宁卫衣男秋冬2021新款情侣装休闲宽松长袖女圆领加绒潮流运动服","198","1596","609","698","162","1","4","976"
"99","0","【Air Coat】ICICLE之禾女装21秋冬新款羊毛羊绒双面呢大衣秋冬女","8996","7928","804","1998","1491","1","4","3981"
"100","0","FILA FUSION斐乐潮牌情侣装多彩卫衣女 2021秋季新款潮宽松卫衣男","369","5008","848","2014","1104","1","4","3039"
"101","0","波司登新款女装妈妈装短款冬季简约舒适保暖外穿羽绒服","899","4737","1510","2242","1214","1","4","3050"
"102","0","波司登2021新款女款内搭大码宽松舒适轻薄短款衬衫羽绒服秋冬装","299","1303","602","812","184","1","4","1045"
"103","0","梅客华记香辣鸡爪卤味梅州特产客家微辣鸡脚凤爪吃货美食零食小吃","45","7","1","2","0","1","8","3"
"104","0","王辣辣魔芋制毛肚 辣味零食魔芋爽毛肚即食饱腹解馋休闲零食72g*3","41","3332","1533","2332","532","1","8","3049"
"105","0","良品铺子食力满满零食大礼包送女友网红小吃休闲食品礼盒2027g","139","7596","1994","4879","3392","1","8","7002"
"106","0","【良品铺子-高蛋白肉脯500g】肉干特产解馋零食小吃休闲食品","49","7257","3400","3895","1835","1","8","4986"
"107","0","黑芝麻糊核桃黑豆代餐粉饱腹营养早餐食品即食速食冲饮黑米桑葚髮","39","5249","3193","4164","487","1","8","5032"
"108","0","【20袋肉】鲨鱼菲特速食鸡胸肉健身即食代餐零食品低脂开袋卡鸡肉","109","1865","659","863","327","1","8","1003"
"109","0","零食大礼包麻辣网红小吃休闲食品卤味熟肉类整箱解馋鸭脖各种美食","29","5919","1524","3484","1731","1","8","3983"
"110","0","旗舰店无穷盐焗鸡蛋整箱16只办公室小吃零食卤蛋休闲食品非乡巴佬","38","10082","4470","7688","2847","1","8","8991"
"111","0","自嗨锅煲仔饭方便即食网红懒人食品早餐即食自热米饭速食方便米饭","89","1848","471","666","433","1","8","952"
"112","0","科克兰无盐混合坚果干果腰果罐装零食1130g进口原味果仁每日食品","149","10060","2650","3859","1385","1","8","5969"
"113","0","水果坚果藕粉羹罐装莲藕纯代餐饱腹食品早餐营养速食粥官方旗舰店","34","500","800","666","200","1","8","500"
"114","0","满铺靖江猪肉脯小零食小吃散装肉铺猪肉干推荐网红休闲食品整箱","19","600","900","700","420","1","8","700"
"115","0","奥利奥夹心饼干巧克力味原味网红爆款食品零食大礼包礼盒整箱囤货","88","802","400","555","200","1","8","600"
"116","0","【进口】DANISA/皇冠礼盒装888g曲奇饼干节日零食小吃食品休闲","98","900","600","363","100","1","8","520"
"117","0","【入会低至1499 整点赠耳机】vivo iQOO Z3骁龙768G学生55W闪充千元5G游戏拍照手机爱酷官方旗舰店vivoi","1799","6365","1871","2448","2267","1","9","5962"
"118","0","【27日立省250整点赠耳机】vivo iQOO U3千元5G大电池学生游戏智能老人手机爱酷官方旗舰店vivoiqoou3 v","1498","11","3","4","2","1","9","6"
"119","0","【24期免息 含66W充电器】当天发 HUAWEI/华为Mate 40 Pro 5G手机官方旗舰店官网正品mate40e 华为","4688","1917","320","417","196","1","9","962"
"120","0","【享24期免息】小米11 Ultra手机至尊小米11ultra5g手机拍照游戏屏幕小米官方旗舰店小米手机mix安卓新款","5499","3852","1298","1647","538","1","9","3023"
"121","0","【充值超市卡更优惠】红米Note10 Pro手机redmi 10天玑1100旗舰","1699","1173","115","263","135","1","9","607"
"122","0","【充值超市卡更优惠】红米Note10 手机双卡5G redmi note10小米10","1199","908","251","497","214","1","9","695"
"123","0","【全力当天发+收藏加购赠5重好礼+5仓发货】苹果iPhone 13全网通5G手机原装国行苹果13手机官方正品iphone13","5999","5774","1650","1969","1111","1","9","4007"
"124","0","【充值超市卡更优惠】红米note9 5G手机小米Redmi Note9天玑800U","1299","206","121","146","62","1","9","173"
"125","0","【充值超市卡更优惠】Redmi红米k40手机双模5G骁龙870旗舰120Hz","2349","159","26","65","45","1","9","97"
"126","0","当天发【24期分期送碎屏宝】Huawei/华为P50 手机官方旗舰店正品4G鸿蒙新品p40官网直降30款系统p50pro典藏版","5088","388","104","174","55","1","9","204"
"127","0","当天发【3期免息/赠原装屏碎屏宝】Huawei/华为 P50 手机官方旗舰店正品pro新品直降华为p40降价搭载鸿蒙系统","5088","602","97","181","128","1","9","438"
"128","0","至高省350 vivo iQOO Neo5 5g手机能良中国移动官旗iq00neo5 vivoneo5 iqooneo5 ip","2749","684","112","227","16","1","9","365"
"129","0","24期免息送碎屏宝顺丰速发Huawei/华为 Mate 40 pro 5G手机新款官方旗舰店官网正品mate50直降mate4","4888","690","363","417","168","1","9","494"
"130","0","【下单立减 送小米耳机】Xiaomi/小米 Redmi 红米Note 10 Pro 5G手机note10pro小米官方旗舰店学","1699","144","37","49","35","1","9","85"
"131","0","台湾舒祈美容三合一套装正品绿盖化妆品 舒祈美容嫩肤增白霜包邮","65","10468","2239","4727","286","1","5","6042"
"132","0","白如雪百草之王二三六合一件套美白祛斑嫩肤祛黄补水保湿百草药王","138","9149","2709","4010","3459","1","5","7977"
"133","0","55号魔术粉底刷无痕化妆刷套装不吃粉底液专用美妆刷子旗舰店正品","37","10154","2439","3285","2783","1","5","7032"
"134","0","尔木萄化妆刷套装眼影美妆散粉刷子全套女官方旗舰店葡修容工具女","99","2843","1178","1437","871","1","5","2046"
"135","0","尔木萄美妆蛋超软海绵蛋不吃粉扑化妆蛋彩妆套盒葡正品官方旗舰店","55","9930","2336","4273","2398","1","5","9015"
"136","0","rt美妆蛋海绵彩妆蛋不吃粉化妆干湿两用蛋蛋粉扑超软两只装脸部","78","7235","1111","2288","2062","1","5","5021"
"137","0","LADES/蓝蒂丝碧海潮生系列化妆刷新手套装散粉眼影刷新手美妆工具","69","11800","3928","4756","3720","1","5","8010"
"138","0","尔木萄美妆蛋不吃粉化妆海绵彩妆蛋粉扑葡旗舰店官方正品干湿超软","27","7914","2752","4613","183","1","5","6032"
"139","0","花西子美妆蛋/海绵蛋葫芦不吃粉干湿两用粉扑化妆棉化妆工具2只装","79","2737","457","880","736","1","5","2009"
"140","0","ENERGY/艾诺琪化妆刷 大师大中小号点彩腮红刷美妆工具羊毛散粉刷","49","2506","610","1243","491","1","5","1965"
"141","0","RealTechniques/rt美妆蛋四支装海绵彩妆蛋不吃粉化妆粉扑脸部","128","5762","1007","2096","1995","1","5","4038"
"142","0","【天猫官方旗舰店】REAI TECNHIQTES RT美妆蛋海绵蛋彩化妆不吃粉","38","2799","1060","1284","947","1","5","1986"
"143","0","包邮尔木萄美妆蛋不吃粉超软细腻干湿两用海绵葫芦女1盒3个+蛋架","49","1145","314","365","1","1","5","878"
"144","0","尔木萄美妆蛋细腻超软不吃粉化妆粉扑海绵蛋彩妆旗舰店官方正品葡","27","131","55","65","14","1","5","89"
"145","0","范琦银饰 星点925银项链女简约轻奢星星高级锁骨链小众设计感吊坠","189","1740","637","838","8","1","6","993"
"146","0","ins简约冷淡风925纯银项链高级感女轻奢小众品牌设计感吊坠潮网红","169","653","291","397","211","1","6","620"
"147","0","施华洛世奇跳动的心 SPARKLING DANCE耀动晶彩女项链礼物","1090","1299","389","584","223","1","6","1020"
"148","0","周生生珠宝首饰黄金饰品活动珠蝴蝶手链足金女款 50737B计价","2683","3824","531","1306","590","1","6","2035"
"149","0","APM Monaco Baby六芒星银项链女流星毛衣链秋冬ins小众设计首饰","710","6","0","1","0","1","6","2"
"150","0","APM Monaco Baby爱心锁项链毛衣链秋冬小众设计2021年新款ins潮","750","1861","520","731","189","1","6","970"
"151","0","梵克雅宝官方旗舰店 Alhambra四叶幸运系列吊坠 黄K金红玉髓项链","22100","388","60","96","65","1","6","196"
"152","0","【现货】I Do 星芒系列 18K金钻石项链女颈饰锁骨链坠珠宝ido","2899","1904","515","656","37","1","6","956"
"153","0","Cartier卡地亚LOVE系列 玫瑰金黄金白金镶钻项链","18100","1352","192","359","57","1","6","732"
"154","0","梵克雅宝官方旗舰店 Alhambra四叶幸运吊坠 玫瑰金红玉髓项链","12400","1105","439","737","421","1","6","863"
"155","0","Cartier卡地亚Diamants Légers系列玫瑰金黄金白金项链","7200","116","44","77","41","1","6","108"
"156","0","GUCCI古驰互扣式双G吊坠项链","1900","1975","946","1419","699","1","6","1958"
"157","0","施华洛世奇 TWIST 灵动交错 125周年纪念款 女项链 时尚礼物","999","554","199","224","11","1","6","338"
"158","0","周生生足金首饰品元棍套箍黄金手镯结婚金镯子女款09218K计价","10278","2153","833","928","302","1","6","1971"
"159","0","oba欧芭控油去屑洗发水 欧巴A5经典洗发乳霜止痒留香理发店同款","168","12","3","4","0","1","7","7"
"160","0","飘柔洗发水/露滋润去屑专用男女家庭套装正品去油洗发膏750ml","25","25","0","0","0","1","7","1"
"161","0","澳洲selsun洗发水去屑止痒控油无硅油二硫化硒洗发露男女官方正品","44","8017","1659","3036","616","1","7","5049"
"162","0","selsun洗发水硫化硒去屑止痒控油无硅油清洁洗头膏洗发露澳洲进口","75","12982","2638","4564","4197","1","7","8994"
"163","0","【官方旗舰】卡诗元气姜粉瓶沁透洗发水控油无硅油深层清洁","380","10316","4757","5356","2530","1","7","7013"
"164","0","清扬洗发水C罗男士活力运动控油薄荷去头屑500g*2","79","9410","3479","4791","1766","1","7","5986"
"165","0","三谷防脱洗发水控油蓬松生姜精华滋养固发洗护套装洗发膏正品男女","119","9129","1907","4140","2673","1","7","6958"
"166","0","Ryo吕韩国进口黑吕莹韧滋养固发洗发水 400ml*2瓶控油去屑洗发露","109","9557","3274","3968","1303","1","7","5019"
"167","0","欧莱雅茶树植萃洗发水去头屑控油男士女士精油洗发露500ml*3","162","15321","2878","4402","3639","1","7","7999"
"168","0","海飞丝丝质去屑洗发水液露止痒控油洗头发膏套装正品官方任选","139","12483","1515","3057","10","1","7","6978"
"169","0","海飞丝恬雅香氛去屑控油止痒洗发水幽香洗头露450*3","129","8821","1441","2860","2248","1","7","5028"
"170","0","【店播专享】沙宣洗发水洗护套装2L修护受损改善毛躁品牌官方正品","169","3422","902","1326","129","1","7","1954"
"171","0","欧莱雅生姜洗发水护发素控油蓬松强韧去头屑无硅油 防脱安瓶套装","278","4927","2958","3336","252","1","7","4000"
"172","0","VS沙宣洗发水护发素套装膏露柔顺改善毛躁洗护官方正品500ml*2","119","5511","1844","2513","13","1","7","4045"
"173","0","Umi王螺纹纽扣锁骨长袖t恤女2021早秋新款瑜伽服健身运动显瘦上衣","69","837","183","272","63","1","10","457"
"174","0","健身衣服男高弹紧身衣裤运动套装健身房训练保暖跑步服篮球装备冬","79","279","56","94","49","1","10","206"
"175","0","李宁卫衣男2021秋冬新款情侣装白色长袖圆领加绒保暖上衣女运动服","158","6303","1439","2162","1386","1","10","4985"
"176","0","李宁卫衣男秋冬2021新款情侣装宽松长袖保暖圆领上衣加绒运动服女","158","13915","2562","5719","2492","1","10","9015"
"177","0","Skechers斯凯奇2021秋冬加绒运动卫衣女情侣款男圆领长袖上衣外套","189","420","102","130","30","1","10","226"
"178","0","迪卡侬长袖t恤男秋冬紧身训练健身体恤速干加绒跑步运动上衣MSJT","69","4628","2017","2510","836","1","10","4048"
"179","0","361运动鞋男鞋秋冬季新款跑鞋皮面轻便休闲鞋子361度防水跑步鞋男","119","5921","1508","3085","899","1","10","3977"
"180","0","【可减430元当天发】华为手表Watch GT2 Pro运动智能通电话官方正品旗舰ecg心率检测男女蓝牙3商务手环防水","1488","991","238","344","305","1","10","861"
"181","0","乔丹运动鞋男鞋2021秋冬季跑鞋减震轻便男士革面保暖跑步鞋","159","3154","961","1156","481","1","10","1952"
"182","0","安踏男鞋运动鞋2021年秋冬新款休闲鞋轻便减震品牌正品男士跑步鞋","189","1157","354","721","363","1","10","1039"
"183","0","安踏绵绵弹跑步鞋男轻便回弹减震2021秋冬季新款休闲鞋男士运动鞋","239","7753","2420","4362","2538","1","10","5984"
"184","0","Adidas阿迪达斯跑步鞋男2021冬季新款黑武士网面鞋子bounce运动鞋","299","7280","1672","3674","141","1","10","4955"
"185","0","迪卡侬运动套装男冬速干训练健身衣服跑步长袖篮球装备紧身衣MSCF","64","1734","424","598","184","1","10","968"
"186","0","Skechers斯凯奇新款老爹鞋女运动鞋女百搭休闲厚底小白鞋熊猫鞋","519","1270","255","466","161","1","10","1048"
"187","0","occa铝镁合金时尚铝框拉杆箱万向轮女金属旅行箱男商务高端登机箱","1860","11","1","3","1","1","11","6"
"188","0","伊藤行李箱男铝框万向轮拉杆箱女20寸登机箱密码皮箱旅行箱24寸","268","378","114","153","51","1","11","206"
"189","0","漫游铝框款行李箱万向轮皮箱拉杆箱28旅行箱20登机箱子24寸26男女","478","11941","4454","4987","335","1","11","5986"
"190","0","漫游行李箱ins网红新款铝框万向轮旅行箱登机箱20寸皮箱子24男 女","478","3922","1054","2485","1168","1","11","3026"
"191","0","行李箱男大容量34寸拉杆箱万向轮女结实耐用加厚旅行密码皮箱子28","108","2042","858","1455","783","1","11","2018"
"192","0","陪嫁箱结婚行李箱新娘红色拉杆箱女旅行密码皮箱子婚礼嫁妆箱一对","118","3693","1422","2387","224","1","11","2970"
"193","0","小清新行李箱女日系拉杆箱男结实耐用学生万向轮密码旅行箱皮箱子","98","15237","3986","5180","1090","1","11","8005"
"194","0","超大容量行李箱男女学生拉杆34寸铝框款结实耐用旅行密码皮箱子28","169","1203","353","826","352","1","11","981"
"195","0","结实耐用学生行李箱男大容量密码皮箱24小旅行箱女20寸新款拉杆箱","159","4020","2143","2414","817","1","11","3024"
"196","0","行李箱铝框款静音万向轮皮箱拉杆箱男女26寸密码旅行20登机箱子24","248","1491","409","857","150","1","11","959"
"197","0","森马行李箱女ins网红结实耐用密码箱子拉杆箱24旅行箱男20寸皮箱","159","13397","5606","6329","3031","1","11","7950"
"198","0","ULDUM旅行箱行李箱铝框拉杆箱万向轮20女男学生24密码皮箱子28寸","158","5059","2046","2656","882","1","11","3031"
"199","0","花花公子行李箱旅行小型密码万向轮拉杆箱20女男耐用24寸皮箱子26","149","10097","1781","3918","3115","1","11","7031"
"200","0","金登仕出口日本红色结婚行李箱陪嫁拉杆箱新娘嫁妆旅行箱女皮箱子","478","9710","3440","4037","755","1","11","4973"
"201","0","小学生奖励小礼品奖品文具创意幼儿园小朋友实用儿童生日全班礼物","9","1574","171","402","123","1","12","919"
"202","0","三年二班刷题按动中性笔可爱创意黑色0.5学生专用水笔签字笔文具","9","3788","1922","2456","585","1","12","3046"
"203","0","晨光文具儿童超轻粘土24色12彩泥黏土橡皮泥幼儿宝宝手工diy玩具","11","8027","2886","3459","1412","1","12","5033"
"204","0","晨光文具 透明胶带 大号宽胶带快递打包专用固定防水封箱带高粘度封口胶布胶纸批发办公胶布大卷强力封箱胶","8","8293","2468","3631","1495","1","12","4969"
"205","0","得力中性笔黑色0.5mm水笔圆珠笔 学生用官方水性笔芯红笔黑笔考试专用笔旗舰店文具办公用品碳素笔签字笔","10","2994","845","1037","351","1","12","1979"
"206","0","得力酷黑系列修正带初中学生用可爱创意多功能实惠装35米大容量少女学生210m涂改带小学生改正带文具","12","1044","502","756","482","1","12","966"
"207","0","天文电动转笔刀小学生铅笔刀自动全自动削笔器充电卷笔刀削笔刀幼儿园刨笔绞笔儿童文具三件套大礼包开学礼物","139","8544","3754","5362","3926","1","12","7970"
"208","0","得力卷笔刀自动削笔刀儿童小学生电动转笔刀男孩全自动进铅铅笔刀削笔器女孩刨笔机旋绞笔刀充电学习文具用品","33","9933","1419","2147","2462","1","12","5004"
"209","0","A4文件袋透明塑料加厚大容量按扣试卷收纳袋学生用档案资料袋文件夹包文具商务办公用品定制印LOGO公文批发","13","287","179","238","24","1","12","270"
"210","0","【12支装】得力文具按动中性笔0.5子弹头办公签字笔碳素笔学生考试笔0.7黑红蓝色墨蓝医生处方笔水笔书写工具","21","2992","506","976","96","1","12","1991"
"211","0","A4文件袋可定制透明塑料档案加厚大容量文件夹资料包学生用多层试卷收纳商务办公用品文具按扣考试公文袋子","13","3856","741","1277","218","1","12","1993"
"212","0","得力电动卷笔刀转笔刀削笔器铅笔刀小学生儿童专用男孩女孩全自动削笔刀刨笔机绞笔器旋销削笔机素描文具用品","49","10588","4492","6520","2419","1","12","8954"
"213","0","晨光正品2b铅笔小学生用无铅2比原木三角杆一年级hb带橡皮头考试专用2h初学者儿童无毒幼儿园文具用品套装","9","5681","2333","2807","1066","1","12","3971"
"214","0","IKEA宜家KVISSLE克维索信盘文件置物架桌面抽屉式信封文具收纳盒","149","11344","4239","4860","4071","1","12","9044"
"215","0","家居日用百货小商品创意小礼品实用百货居家生活用品杂物日常杂货","2","9695","1401","2282","479","1","14","4969"
"216","0","新奇特创意神器无痕家居礼物家庭百货日用品生活实用常用小商品","2","93","45","56","6","1","14","64"
"217","0","家居家用大全生活日用品家庭新家好物卧室实用厨房用具小百货神器","29","2423","599","1355","586","1","14","1987"
"218","0","创意家居高档厨房用具筷子小百货大全家用小物件生活日用品礼物","5","15","3","5","1","1","14","8"
"219","0","家居家用大全生活日用品小物件家庭百货新家实用创意宿舍好物神器","59","725","269","349","195","1","14","519"
"220","0","家庭卧室生活家居用品用具小百货学生居家宿舍住校神器家用大全","37","13","1","4","2","1","14","9"
"221","0","创意家用小百货家居生活用品宿舍女生卧室神器好物日用品百货大全","12","436","124","170","40","1","14","234"
"222","0","创意居家居厨房用品用具小百货家用大全生活实用小物件卫生间收纳","6","372","129","184","60","1","14","238"
"223","0","创意居家居厨房用品用具小百货家用大全生活实用收纳神器家庭物件","9","9779","1938","3285","3154","1","14","7011"
"224","0","抖音创意简装生活卫生间居家居日用品用具小百货家用大全清洁神器","3","6563","1849","3584","256","1","14","3996"
"225","0","家居家用小东西家庭厨房卫生间用品用具小百货大全居家生活日用品","5","3883","588","1262","852","1","14","2007"
"226","0","创意家居生活用品实用小百货大全居家用具厨房用品物件宿舍神器","16","1629","218","409","110","1","14","994"
"227","0","创意家居用品用具小百货生活用品日用品省空间阳台衣架收纳神器","12","1101","353","626","218","1","14","1043"
"228","0","简约家居用品用具家用小百货好物大全新家宿舍小物件收纳神器礼品","21","1021","278","494","278","1","14","973"
